,0
0,https://www.ibge.gov.br/geociencias-novoportal/organizacao-do-territorio/novo-portal/geociencias/18939-informacoes-sobre-organizacao-do-territorio/18939-analises-do-territorio/18939-a-geografia-da-cana-de-acucar.html
1,https://www.ibge.gov.br/geociencias-novoportal/organizacao-do-territorio/novo-portal/geociencias/15784-informacoes-sobre-organizacao-do-territorio/15784-analises-do-territorio/15784-a-geografia-do-cafe.html
2,https://www.ibge.gov.br/geociencias-novoportal/organizacao-do-territorio/novo-portal/geociencias/15788-informacoes-sobre-organizacao-do-territorio/15788-tipologias-do-territorio/15788-aglomerados-subnormais.html
3,https://www.ibge.gov.br/geociencias-novoportal/organizacao-do-territorio/novo-portal/geociencias/15819-cartas-e-mapas/15819-mapas-do-brasil/15819-informacoes-ambientais/15819-recursos-naturais/15819-geologia/15819-amazonia-legal.html
4,https://www.ibge.gov.br/geociencias-novoportal/organizacao-do-territorio/novo-portal/geociencias/15841-cartas-e-mapas/15841-mapas-do-brasil/15841-informacoes-ambientais/15841-estudos-ambientais/15841-estudos-integrados/15841-area-de-aplicacao-da-lei-n-11-428-de-2006.html
5,https://www.ibge.gov.br/geociencias-novoportal/organizacao-do-territorio/novo-portal/geociencias/15761-informacoes-sobre-organizacao-do-territorio/15761-estrutura-territorial/15761-areas-dos-municipios.html
6,https://www.ibge.gov.br/geociencias-novoportal/organizacao-do-territorio/novo-portal/geociencias/15789-informacoes-sobre-organizacao-do-territorio/15789-tipologias-do-territorio/15789-areas-urbanizadas.html
7,https://www.ibge.gov.br/geociencias-novoportal/organizacao-do-territorio/novo-portal/geociencias/15782-informacoes-sobre-organizacao-do-territorio/15782-divisao-regional/15782-arranjos-populacionais-e-concentracoes-urbanas-do-brasil.html
8,https://www.ibge.gov.br/geociencias-novoportal/organizacao-do-territorio/novo-portal/geociencias/16364-atlas/16364-tematicos/16364-atlas-das-representacoes-literarias-de-regioes-brasileiras-brasil-meridional.html
9,https://www.ibge.gov.br/geociencias-novoportal/organizacao-do-territorio/novo-portal/geociencias/16365-atlas/16365-tematicos/16365-atlas-de-saneamento.html
10,https://www.ibge.gov.br/geociencias-novoportal/organizacao-do-territorio/novo-portal/geociencias/16361-atlas/16361-tematicos/16361-atlas-do-censo-demografico.html
11,https://www.ibge.gov.br/geociencias-novoportal/organizacao-do-territorio/novo-portal/geociencias/16362-atlas/16362-tematicos/16362-atlas-do-espaco-rural-brasileiro.html
12,https://www.ibge.gov.br/geociencias-novoportal/organizacao-do-territorio/novo-portal/geociencias/16366-atlas/16366-tematicos/16366-atlas-geografico-das-zonas-costeiras-e-oceanicas-do-brasil.html
13,https://www.ibge.gov.br/geociencias-novoportal/organizacao-do-territorio/novo-portal/geociencias/16633-atlas/16633-nacional/16633-atlas-geografico-escolar.html
14,https://www.ibge.gov.br/geociencias-novoportal/organizacao-do-territorio/novo-portal/geociencias/16363-atlas/16363-tematicos/16363-atlas-nacional-de-comercio-e-servico.html
15,https://www.ibge.gov.br/geociencias-novoportal/organizacao-do-territorio/novo-portal/geociencias/16360-atlas/16360-nacional/16360-atlas-nacional-do-brasil.html
16,https://www.ibge.gov.br/geociencias-novoportal/organizacao-do-territorio/novo-portal/geociencias/16384-metodos-e-outros-documentos-de-referencia/16384-outros-documentos-tecnicos/16384-avaliacao-planialtimetrica-estudos-de-caso.html
17,https://www.ibge.gov.br/geociencias-novoportal/organizacao-do-territorio/novo-portal/geociencias/16327-informacoes-sobre-posicionamento-geodesico/16327-servicos-para-posicionamento-geodesico/16327-banco-de-dados-geodesicos.html
18,https://www.ibge.gov.br/geociencias-novoportal/organizacao-do-territorio/novo-portal/geociencias/15759-cartas-e-mapas/15759-bases-cartograficas-continuas/15759-brasil.html
19,https://www.ibge.gov.br/geociencias-novoportal/organizacao-do-territorio/novo-portal/geociencias/15807-cartas-e-mapas/15807-bases-cartograficas-continuas/15807-estados.html
20,https://www.ibge.gov.br/geociencias-novoportal/organizacao-do-territorio/novo-portal/geociencias/15842-cartas-e-mapas/15842-mapas-do-brasil/15842-informacoes-ambientais/15842-estudos-ambientais/15842-estudos-integrados/15842-biomas.html
21,https://www.ibge.gov.br/geociencias-novoportal/organizacao-do-territorio/novo-portal/geociencias/15786-informacoes-sobre-organizacao-do-territorio/15786-analises-do-territorio/15786-brasil-uma-visao-geografica-e-ambiental-no-inicio-do-seculo-xxi.html
22,https://www.ibge.gov.br/geociencias-novoportal/organizacao-do-territorio/novo-portal/geociencias/15791-informacoes-sobre-organizacao-do-territorio/15791-tipologias-do-territorio/15791-caracteristicas-urbanisticas-do-entorno-dos-domicilios-2010.html
23,https://www.ibge.gov.br/geociencias-novoportal/organizacao-do-territorio/novo-portal/geociencias/10853-imagens-do-territorio/10853-imagens-corrigidas/10853-cartas-imagem.html
24,https://www.ibge.gov.br/geociencias-novoportal/organizacao-do-territorio/novo-portal/geociencias/16257-informacoes-sobre-posicionamento-geodesico/16257-sirgas/16257-centro-de-analise-ibge.html
25,https://www.ibge.gov.br/geociencias-novoportal/organizacao-do-territorio/novo-portal/geociencias/15790-informacoes-sobre-organizacao-do-territorio/15790-tipologias-do-territorio/15790-classificacao-e-caracterizacao-dos-espacos-rurais-e-urbanos-do-brasil.html
26,https://www.ibge.gov.br/geociencias-novoportal/organizacao-do-territorio/novo-portal/geociencias/15817-cartas-e-mapas/15817-mapas-do-brasil/15817-informacoes-ambientais/15817-recursos-naturais/15817-climatologia/15817-clima.html
27,https://www.ibge.gov.br/geociencias-novoportal/organizacao-do-territorio/novo-portal/geociencias/10867-cartas-e-mapas/10867-mapas-do-brasil/10867-informacoes-ambientais/10867-cobertura-e-uso-da-terra/10867-mapeamento-de-cobertura-e-uso-da-terra/10867-cobertura-e-uso-da-terra.html
28,https://www.ibge.gov.br/geociencias-novoportal/organizacao-do-territorio/novo-portal/geociencias/15831-cartas-e-mapas/15831-mapas-do-brasil/15831-informacoes-ambientais/15831-cobertura-e-uso-da-terra/15831-mapeamento-de-cobertura-e-uso-da-terra/15831-cobertura-e-uso-da-terra-do-brasil.html
29,https://www.ibge.gov.br/geociencias-novoportal/organizacao-do-territorio/novo-portal/geociencias/15830-cartas-e-mapas/15830-mapas-do-brasil/15830-informacoes-ambientais/15830-cobertura-e-uso-da-terra/15830-mapeamento-de-cobertura-e-uso-da-terra/15830-cobertura-e-uso-da-terra-no-estado-de-ro-rr-se-ac-ap-am-ma-mt-pa-rj-e-rs.html
30,https://www.ibge.gov.br/geociencias-novoportal/organizacao-do-territorio/novo-portal/geociencias/16386-metodos-e-outros-documentos-de-referencia/16386-outros-documentos-tecnicos/16386-curso-de-cartografia-moderna.html
31,https://www.ibge.gov.br/geociencias-novoportal/organizacao-do-territorio/novo-portal/geociencias/15955-cartas-e-mapas/15955-mapas-do-brasil/15955-sociedade-e-economia/15955-densidade-demografica.html
32,https://www.ibge.gov.br/geociencias-novoportal/organizacao-do-territorio/novo-portal/geociencias/15959-cartas-e-mapas/15959-mapas-do-brasil/15959-sociedade-e-economia/15959-densidade-demografica-e-rede-coletora-de-esgoto.html
33,https://www.ibge.gov.br/geociencias-novoportal/organizacao-do-territorio/novo-portal/geociencias/16390-metodos-e-outros-documentos-de-referencia/16390-outros-documentos-tecnicos/16390-dez-anos-de-monitoramento-do-nivel-do-mar-no-ibge.html
34,https://www.ibge.gov.br/geociencias-novoportal/organizacao-do-territorio/novo-portal/geociencias/15837-cartas-e-mapas/15837-mapas-do-brasil/15837-informacoes-ambientais/15837-estudos-ambientais/15837-estudos-integrados/15837-diagnosticos-ambientais.html
35,https://www.ibge.gov.br/geociencias-novoportal/organizacao-do-territorio/novo-portal/geociencias/16496-metodos-e-outros-documentos-de-referencia/16496-vocabulario-e-glossarios/16496-dicionario-cartografico.html
36,https://www.ibge.gov.br/geociencias-novoportal/organizacao-do-territorio/novo-portal/geociencias/16498-metodos-e-outros-documentos-de-referencia/16498-vocabulario-e-glossarios/16498-dicionario-geologico-geomorfologico.html
37,https://www.ibge.gov.br/geociencias-novoportal/organizacao-do-territorio/novo-portal/geociencias/15960-cartas-e-mapas/15960-mapas-do-brasil/15960-sociedade-e-economia/15960-distribuicao-da-producao-agropecuaria-na-vegetacao-natural.html
38,https://www.ibge.gov.br/geociencias-novoportal/organizacao-do-territorio/novo-portal/geociencias/15961-cartas-e-mapas/15961-mapas-do-brasil/15961-sociedade-e-economia/15961-distribuicao-dos-estabelecimentos-rurais.html
39,https://www.ibge.gov.br/geociencias-novoportal/organizacao-do-territorio/novo-portal/geociencias/15962-cartas-e-mapas/15962-mapas-do-brasil/15962-sociedade-e-economia/15962-distribuicao-espacial-da-atividade-canavieira-nos-biomas-brasileiros.html
40,https://www.ibge.gov.br/geociencias-novoportal/organizacao-do-territorio/novo-portal/geociencias/15980-cartas-e-mapas/15980-mapas-estaduais/15980-sociedade-e-economia/15980-distribuicao-espacial-da-populacao-em-2010.html
41,https://www.ibge.gov.br/geociencias-novoportal/organizacao-do-territorio/novo-portal/geociencias/15963-cartas-e-mapas/15963-mapas-do-brasil/15963-sociedade-e-economia/15963-distribuicao-espacial-da-populacao-segundo-cor-ou-raca-pretos-e-pardos.html
42,https://www.ibge.gov.br/geociencias-novoportal/organizacao-do-territorio/novo-portal/geociencias/15964-cartas-e-mapas/15964-mapas-do-brasil/15964-sociedade-e-economia/15964-distribuicao-espacial-da-soja-nos-biomas-brasileiros.html
43,https://www.ibge.gov.br/geociencias-novoportal/organizacao-do-territorio/novo-portal/geociencias/15777-cartas-e-mapas/15777-mapas-do-brasil/redes-geograficas/15777-divisao-urbano-regional.html
44,https://www.ibge.gov.br/geociencias-novoportal/organizacao-do-territorio/novo-portal/geociencias/15778-cartas-e-mapas/15778-mapas-do-brasil/redes-geograficas/15778-divisoes-regionais-do-brasil.html
45,https://www.ibge.gov.br/geociencias-novoportal/organizacao-do-territorio/novo-portal/geociencias/15783-informacoes-sobre-organizacao-do-territorio/15783-divisao-regional/15783-esboco-preliminar-da-divisao-do-brasil-em-espacos-homogeneos-e-espacos-polarizados.html
46,https://www.ibge.gov.br/geociencias-novoportal/organizacao-do-territorio/novo-portal/geociencias/16393-metodos-e-outros-documentos-de-referencia/16393-outros-documentos-tecnicos/16393-esclarecimento-sobre-a-relacao-entre-o-datum-vertical-do-sgb-imbituba-e-santana-e-os-niveis-de-reducao-e-zeros-hidrograficos-no-litoral-brasileiro.html
47,https://www.ibge.gov.br/geociencias-novoportal/organizacao-do-territorio/novo-portal/geociencias/16463-metodos-e-outros-documentos-de-referencia/16463-normas/16463-especificacao-e-normas-gerais-para-levantamentos-geodesicos-em-territorio-brasileiro.html
48,https://www.ibge.gov.br/geociencias-novoportal/organizacao-do-territorio/novo-portal/geociencias/16464-metodos-e-outros-documentos-de-referencia/16464-normas/16464-especificacoes-e-normas-gerais-para-levantamentos-gps-versao-preliminar.html
49,https://www.ibge.gov.br/geociencias-novoportal/organizacao-do-territorio/novo-portal/geociencias/15840-cartas-e-mapas/15840-mapas-do-brasil/15840-informacoes-ambientais/15840-estudos-ambientais/15840-estudos-integrados/15840-estudos-e-pesquisas-em-geociencias.html
50,https://www.ibge.gov.br/geociencias-novoportal/organizacao-do-territorio/novo-portal/geociencias/16418-metodos-e-outros-documentos-de-referencia/16418-outros-documentos-tecnicos/16418-expedicao-ao-jalapao.html
51,https://www.ibge.gov.br/geociencias-novoportal/organizacao-do-territorio/novo-portal/geociencias/15810-cartas-e-mapas/15810-mapas-do-brasil/15810-informacoes-ambientais/15810-recursos-naturais/15810-biodiversidade/15810-fauna-ameacada-de-extincao.html
52,https://www.ibge.gov.br/geociencias-novoportal/organizacao-do-territorio/novo-portal/geociencias/15808-cartas-e-mapas/15808-mapas-do-brasil/15808-informacoes-ambientais/15808-recursos-naturais/15808-geologia/15808-folhas-da-carta-internacional-do-mundo-ao-milionesimo.html
53,https://www.ibge.gov.br/geociencias-novoportal/organizacao-do-territorio/novo-portal/geociencias/15809-cartas-e-mapas/15809-folhas-topograficas/15809-folhas-da-carta-do-brasil.html
54,https://www.ibge.gov.br/geociencias-novoportal/organizacao-do-territorio/novo-portal/geociencias/15976-cartas-e-mapas/15976-mapas-regionais/15976-redes-geograficas/15976-fronteira-agricola-amazonia-legal.html
55,https://www.ibge.gov.br/geociencias-novoportal/organizacao-do-territorio/novo-portal/geociencias/16381-metodos-e-outros-documentos-de-referencia/16381-outros-documentos-tecnicos/16381-geodesia-por-satelites-no-ibge-resultados-preliminares-das-atividades-desenvolvidas.html
56,https://www.ibge.gov.br/geociencias-novoportal/organizacao-do-territorio/novo-portal/geociencias/15822-cartas-e-mapas/15822-mapas-do-brasil/15822-informacoes-ambientais/15822-recursos-naturais/15822-geologia/15822-geologia-1-250-000.html
57,https://www.ibge.gov.br/geociencias-novoportal/organizacao-do-territorio/novo-portal/geociencias/15823-cartas-e-mapas/15823-mapas-do-brasil/15823-informacoes-ambientais/15823-recursos-naturais/15823-geologia/15823-geologia-do-estado-ro-rr-to-ac-am-ap-ma-mt-e-pa.html
58,https://www.ibge.gov.br/geociencias-novoportal/organizacao-do-territorio/novo-portal/geociencias/10870-cartas-e-mapas/10870-mapas-do-brasil/10870-informacoes-ambientais/10870-recursos-naturais/10870-geomorfologia/10870-geomorfologia.html
59,https://www.ibge.gov.br/geociencias-novoportal/organizacao-do-territorio/novo-portal/geociencias/16028-cartas-e-mapas/16028-mapas-do-brasil/16028-informacoes-ambientais/16028-recursos-naturais/16028-geomorfologia/16028-geomorfologia-do-estado-de-ro-rr-to-ac-am-ma-mt-e-pa.html
60,https://www.ibge.gov.br/geociencias-novoportal/organizacao-do-territorio/novo-portal/geociencias/15795-informacoes-sobre-organizacao-do-territorio/15795-redes-e-fluxos-geograficos/15795-gestao-do-territorio.html
61,https://www.ibge.gov.br/geociencias-novoportal/organizacao-do-territorio/novo-portal/geociencias/16499-metodos-e-outros-documentos-de-referencia/16499-vocabulario-e-glossarios/16499-glossario-dos-termos-genericos-dos-nomes-geograficos-utilizados-no-mapeamento-sistematico-do-brasil.html
62,https://www.ibge.gov.br/geociencias-novoportal/organizacao-do-territorio/novo-portal/geociencias/15824-cartas-e-mapas/15824-mapas-do-brasil/15824-informacoes-ambientais/15824-recursos-naturais/15824-geologia/15824-hidrogeologia.html
63,https://www.ibge.gov.br/geociencias-novoportal/organizacao-do-territorio/novo-portal/geociencias/15979-cartas-e-mapas/15979-mapas-estaduais/15979-informacoes-ambientais/15979-hidrogeologicoe-hidrogeologico-do-estado-da-pb-e-rn.html
64,https://www.ibge.gov.br/geociencias-novoportal/organizacao-do-territorio/novo-portal/geociencias/15825-cartas-e-mapas/15825-mapas-do-brasil/15825-informacoes-ambientais/15825-recursos-naturais/15825-geologia/15825-hidroquimica.html
65,https://www.ibge.gov.br/geociencias-novoportal/organizacao-do-territorio/novo-portal/geociencias/15971-cartas-e-mapas/15971-mapas-regionais/15971-hidroquimica-dos-mananciais.html
66,https://www.ibge.gov.br/geociencias-novoportal/organizacao-do-territorio/novo-portal/geociencias/10851-imagens-do-territorio/10851-imagens-corrigidas/10851-imagens-ortorretificadas.html
67,https://www.ibge.gov.br/geociencias-novoportal/organizacao-do-territorio/novo-portal/geociencias/15811-cartas-e-mapas/15811-mapas-do-brasil/15811-informacoes-ambientais/15811-recursos-naturais/15811-biodiversidade/15811-index-herbariorum-brasiliensium.html
68,https://www.ibge.gov.br/geociencias-novoportal/organizacao-do-territorio/novo-portal/geociencias/16478-metodos-e-outros-documentos-de-referencia/16478-revistas-e-manuais-tecnicos/16478-indice-de-nomes-geograficos-volume-1-bcim.html
69,https://www.ibge.gov.br/geociencias-novoportal/organizacao-do-territorio/novo-portal/geociencias/15835-cartas-e-mapas/15835-mapas-do-brasil/15835-informacoes-ambientais/15835-estudos-ambientais/15835-estatisticas-e-indicadores-ambientais/15835-informacao-geografica.html
70,https://www.ibge.gov.br/geociencias-novoportal/organizacao-do-territorio/novo-portal/geociencias/15968-cartas-e-mapas/15968-mapas-do-brasil/redes-geograficas/15968-infra-estrutura-de-transporte.html
71,https://www.ibge.gov.br/geociencias-novoportal/organizacao-do-territorio/novo-portal/geociencias/16468-metodos-e-outros-documentos-de-referencia/16468-normas/16468-instrucoes-para-homologacao-de-estacoes-estabelecidas-por-outras-instituicoes.html
72,https://www.ibge.gov.br/geociencias-novoportal/organizacao-do-territorio/novo-portal/geociencias/15813-cartas-e-mapas/15813-mapas-do-brasil/15813-informacoes-ambientais/15813-recursos-naturais/15813-biodiversidade/15813-inventario-da-biodiversidade-do-bioma-cerrado.html
73,https://www.ibge.gov.br/geociencias-novoportal/organizacao-do-territorio/novo-portal/geociencias/15797-informacoes-sobre-organizacao-do-territorio/15797-redes-e-fluxos-geograficos/15797-ligacoes-aereas.html
74,https://www.ibge.gov.br/geociencias-novoportal/organizacao-do-territorio/novo-portal/geociencias/15794-informacoes-sobre-organizacao-do-territorio/15794-redes-e-fluxos-geograficos/15794-rodoviarias-e-hidroviarias.html
75,https://www.ibge.gov.br/geociencias-novoportal/organizacao-do-territorio/novo-portal/geociencias/15792-cartas-e-mapas/15792-mapas-do-brasil/redes-geograficas/15792-logistica-de-energia.html
76,https://www.ibge.gov.br/geociencias-novoportal/organizacao-do-territorio/novo-portal/geociencias/15793-cartas-e-mapas/15793-mapas-do-brasil/redes-geograficas/15793-logistica-dos-transportes.html
77,https://www.ibge.gov.br/geociencias-novoportal/organizacao-do-territorio/novo-portal/geociencias/15838-cartas-e-mapas/15838-mapas-do-brasil/15838-informacoes-ambientais/15838-estudos-ambientais/15838-estudos-integrados/15838-macrozoneamento-geoambiental-do-estado-de-mato-grosso-do-sul.html
78,https://www.ibge.gov.br/geociencias-novoportal/organizacao-do-territorio/novo-portal/geociencias/15774-informacoes-sobre-organizacao-do-territorio/15774-estrutura-territorial/15774-malhas.html
79,https://www.ibge.gov.br/geociencias-novoportal/organizacao-do-territorio/novo-portal/geociencias/15826-cartas-e-mapas/15826-mapas-do-brasil/15826-informacoes-ambientais/15826-recursos-naturais/15826-geologia/15826-manual-tecnico-em-geociencias.html
80,https://www.ibge.gov.br/geociencias-novoportal/organizacao-do-territorio/novo-portal/geociencias/15812-cartas-e-mapas/15812-mapas-do-brasil/15812-mapas-de-referencia/15812-fisico.html
81,https://www.ibge.gov.br/geociencias-novoportal/organizacao-do-territorio/novo-portal/geociencias/15977-cartas-e-mapas/15977-mapas-estaduais/15977-mapas-de-referencia/15977-mapas-fisicos-dos-estados.html
82,https://www.ibge.gov.br/geociencias-novoportal/organizacao-do-territorio/novo-portal/geociencias/10854-imagens-do-territorio/10854-imagens-corrigidas/10854-mapas-imagem.html
83,https://www.ibge.gov.br/geociencias-novoportal/organizacao-do-territorio/novo-portal/geociencias/15984-cartas-e-mapas/15984-mapas-municipais/15984-mapas-municipais-estatistico-do-estado-do-acre.html
84,https://www.ibge.gov.br/geociencias-novoportal/organizacao-do-territorio/novo-portal/geociencias/15983-cartas-e-mapas/15983-mapas-municipais/15983-mapas-municipais-por-estado.html
85,https://www.ibge.gov.br/geociencias-novoportal/organizacao-do-territorio/novo-portal/geociencias/15816-cartas-e-mapas/15816-mapas-do-brasil/15816-mapas-de-referencia/15816-politico.html
86,https://www.ibge.gov.br/geociencias-novoportal/organizacao-do-territorio/novo-portal/geociencias/15978-cartas-e-mapas/15978-mapas-estaduais/15978-mapas-de-referencia/15978-mapas-politicos-dos-estados.html
87,https://www.ibge.gov.br/geociencias-novoportal/organizacao-do-territorio/novo-portal/geociencias/10861-cartas-e-mapas/10861-mapas-regionais.html
88,https://www.ibge.gov.br/geociencias-novoportal/organizacao-do-territorio/novo-portal/geociencias/15771-informacoes-sobre-organizacao-do-territorio/15771-estrutura-territorial/15771-memoria-institucional.html
89,https://www.ibge.gov.br/geociencias-novoportal/organizacao-do-territorio/novo-portal/geociencias/16646-atlas/16646-nacional/16646-meu-1-atlas.html
90,https://www.ibge.gov.br/geociencias-novoportal/organizacao-do-territorio/novo-portal/geociencias/10855-informacoes-sobre-posicionamento-geodesico/10855-servicos-para-posicionamento-geodesico/10855-modelo-de-ondulacao-geoidal.html
91,https://www.ibge.gov.br/geociencias-novoportal/organizacao-do-territorio/novo-portal/geociencias/10856-modelos-digitais-de-superficie/10856-modelo-digital-de-elevacao-mde.html
92,https://www.ibge.gov.br/geociencias-novoportal/organizacao-do-territorio/novo-portal/geociencias/15953-cartas-e-mapas/15953-mapas-do-brasil/15953-informacoes-ambientais/15953-morfologia-continental-e-do-fundo-dos-oceanos.html
93,https://www.ibge.gov.br/geociencias-novoportal/organizacao-do-territorio/novo-portal/geociencias/15834-cartas-e-mapas/15834-mapas-do-brasil/15834-informacoes-ambientais/15834-cobertura-e-uso-da-terra/15834-mudancas-na-cobertura-e-uso-da-terra/15834-mudancas-na-cobertura-e-uso-da-terra.html
94,https://www.ibge.gov.br/geociencias-novoportal/organizacao-do-territorio/novo-portal/geociencias/15839-cartas-e-mapas/15839-mapas-do-brasil/15839-informacoes-ambientais/15839-estudos-ambientais/15839-estudos-integrados/15839-n-2-relatorio-piloto-com-aplicacao-da-metodologia-ipps-ao-estado-do-rio-de-janeiro.html
95,https://www.ibge.gov.br/geociencias-novoportal/organizacao-do-territorio/novo-portal/geociencias/16494-metodos-e-outros-documentos-de-referencia/16494-revistas-e-manuais-tecnicos/16494-nocoes-cartograficas-para-base-operacional-geografica.html
96,https://www.ibge.gov.br/geociencias-novoportal/organizacao-do-territorio/novo-portal/geociencias/16732-metodos-e-outros-documentos-de-referencia/16732-normas/16732-orientacoes-para-instalacao-de-estacoes-de-monitoramento-continuo-gnss-compativeis-com-a-rbmc.html
97,https://www.ibge.gov.br/geociencias-novoportal/organizacao-do-territorio/novo-portal/geociencias/10852-imagens-do-territorio/10852-imagens-corrigidas/10852-ortomosaicos.html
98,https://www.ibge.gov.br/geociencias-novoportal/organizacao-do-territorio/novo-portal/geociencias/16466-metodos-e-outros-documentos-de-referencia/16466-normas/16466-padronizacao-de-marcos-geodesicos.html
99,https://www.ibge.gov.br/geociencias-novoportal/organizacao-do-territorio/novo-portal/geociencias/10871-cartas-e-mapas/10871-mapas-do-brasil/10871-informacoes-ambientais/10871-recursos-naturais/10871-pedologia/10871-pedologia.html
100,https://www.ibge.gov.br/geociencias-novoportal/organizacao-do-territorio/novo-portal/geociencias/15828-cartas-e-mapas/15828-mapas-do-brasil/15828-informacoes-ambientais/15828-recursos-naturais/15828-pedologia/15828-pedologia-do-estado-de-ro-rr-to-ac-am-ap-ma-mt-pa-e-rs.html
101,https://www.ibge.gov.br/geociencias-novoportal/organizacao-do-territorio/novo-portal/geociencias/16491-metodos-e-outros-documentos-de-referencia/16491-revistas-e-manuais-tecnicos/16491-ponto-de-referencia.html
102,https://www.ibge.gov.br/geociencias-novoportal/organizacao-do-territorio/novo-portal/geociencias/15818-cartas-e-mapas/15818-mapas-do-brasil/15818-informacoes-ambientais/15818-recursos-naturais/15818-climatologia/15818-potencial-de-agressividade-climatica-na-amazonia-legal.html
103,https://www.ibge.gov.br/geociencias-novoportal/organizacao-do-territorio/novo-portal/geociencias/15832-cartas-e-mapas/15832-mapas-do-brasil/15832-informacoes-ambientais/15832-cobertura-e-uso-da-terra/15832-mapeamento-de-cobertura-e-uso-da-terra/15832-potencial-florestal-do-estado-de-ro-ac-am-ap-e-pa.html
104,https://www.ibge.gov.br/geociencias-novoportal/organizacao-do-territorio/novo-portal/geociencias/16691-informacoes-sobre-posicionamento-geodesico/16691-sirgas/projeto-mudanca-do-referencial-geodesico-pmrg.html
105,https://www.ibge.gov.br/geociencias-novoportal/organizacao-do-territorio/novo-portal/geociencias/16283-informacoes-sobre-posicionamento-geodesico/16283-rede-geodesica/16283-rede-altimetrica.html
106,https://www.ibge.gov.br/geociencias-novoportal/organizacao-do-territorio/novo-portal/geociencias/16258-informacoes-sobre-posicionamento-geodesico/16258-rede-geodesica/16258-rede-brasileira-de-monitoramento-continuo-dos-sistemas-gnss-rbmc.html
107,https://www.ibge.gov.br/geociencias-novoportal/organizacao-do-territorio/novo-portal/geociencias/16332-informacoes-sobre-posicionamento-geodesico/16332-servicos-para-posicionamento-geodesico/16332-rbmc-ip-rede-brasileira-de-monitoramento-continuo-dos-sistemas-gnss-em-tempo-real.html
108,https://www.ibge.gov.br/geociencias-novoportal/organizacao-do-territorio/novo-portal/geociencias/16286-informacoes-sobre-posicionamento-geodesico/16286-rede-geodesica/16286-rede-gravimetrica.html
109,https://www.ibge.gov.br/geociencias-novoportal/organizacao-do-territorio/novo-portal/geociencias/10842-informacoes-sobre-posicionamento-geodesico/10842-rede-geodesica/10842-rede-maregrafica-permanente-para-geodesia-rmpg.html
110,https://www.ibge.gov.br/geociencias-novoportal/organizacao-do-territorio/novo-portal/geociencias/16284-informacoes-sobre-posicionamento-geodesico/16284-rede-geodesica/16284-rede-planialtimetrica.html
111,https://www.ibge.gov.br/geociencias-novoportal/organizacao-do-territorio/novo-portal/geociencias/15775-cartas-e-mapas/15775-mapas-do-brasil/redes-geograficas/15775-regioes-de-articulacao-urbana.html
112,https://www.ibge.gov.br/geociencias-novoportal/organizacao-do-territorio/novo-portal/geociencias/15798-informacoes-sobre-organizacao-do-territorio/15798-redes-e-fluxos-geograficos/15798-regioes-de-influencia-das-cidades.html
113,https://www.ibge.gov.br/geociencias-novoportal/organizacao-do-territorio/novo-portal/geociencias/18354-informacoes-sobre-organizacao-do-territorio/18354-estrutura-territorial/18354-regioes-metropolitanas-aglomeracoes-urbanas-e-regioes-integradas-de-desenvolvimento.html
114,https://www.ibge.gov.br/geociencias-novoportal/organizacao-do-territorio/novo-portal/geociencias/15780-cartas-e-mapas/15780-mapas-do-brasil/redes-geograficas/15780-regioes-rurais.html
115,https://www.ibge.gov.br/geociencias-novoportal/organizacao-do-territorio/novo-portal/geociencias/15814-cartas-e-mapas/15814-mapas-do-brasil/15814-informacoes-ambientais/15814-recursos-naturais/15814-biodiversidade/15814-reserva-ecologica-do-ibge-biodiversidade-terrestre.html
116,https://www.ibge.gov.br/geociencias-novoportal/organizacao-do-territorio/novo-portal/geociencias/15815-cartas-e-mapas/15815-mapas-do-brasil/15815-informacoes-ambientais/15815-recursos-naturais/15815-biodiversidade/15815-reserva-ecologica-do-ibge-em-brasilia-df.html
117,https://www.ibge.gov.br/geociencias-novoportal/organizacao-do-territorio/novo-portal/geociencias/15974-cartas-e-mapas/15974-mapas-regionais/15974-redes-geograficas/15974-semiarido-brasileiro.html
118,https://www.ibge.gov.br/geociencias-novoportal/organizacao-do-territorio/novo-portal/geociencias/16334-informacoes-sobre-posicionamento-geodesico/16334-servicos-para-posicionamento-geodesico/16334-servico-online-para-pos-processamento-de-dados-gnss-ibge-ppp.html
119,https://www.ibge.gov.br/geociencias-novoportal/organizacao-do-territorio/novo-portal/geociencias/16359-metodos-e-outros-documentos-de-referencia/16359-outros-documentos-tecnicos/16359-sistema-nacional-de-nivelamento-de-1-ordem.html
120,https://www.ibge.gov.br/geociencias-novoportal/organizacao-do-territorio/novo-portal/geociencias/15829-cartas-e-mapas/15829-mapas-do-brasil/15829-informacoes-ambientais/15829-recursos-naturais/15829-pedologia/15829-solos.html
121,https://www.ibge.gov.br/geociencias-novoportal/organizacao-do-territorio/novo-portal/geociencias/16358-metodos-e-outros-documentos-de-referencia/16358-outros-documentos-tecnicos/16358-tabelas-para-calculos-no-sistema-de-projecao-universal-transverso-de-mercator-utm.html
122,https://www.ibge.gov.br/geociencias-novoportal/organizacao-do-territorio/novo-portal/geociencias/16395-metodos-e-outros-documentos-de-referencia/16395-outros-documentos-tecnicos/16395-termino-do-periodo-de-transicao-para-adocao-no-brasil-do-sirgas2000.html
123,https://www.ibge.gov.br/geociencias-novoportal/organizacao-do-territorio/novo-portal/geociencias/15970-cartas-e-mapas/15970-mapas-do-brasil/redes-geograficas/15970-terras-e-aldeias-indigenas-nos-biomas-brasileiros.html
124,https://www.ibge.gov.br/geociencias-novoportal/organizacao-do-territorio/novo-portal/geociencias/17530-informacoes-sobre-organizacao-do-territorio/17530-tipologias-do-territorio/17530-tipologia-intraurbana-espacos-de-diferenciacao-socioeconomica-nas-concentracoes-urbanas-do-brasil.html
125,https://www.ibge.gov.br/geociencias-novoportal/organizacao-do-territorio/novo-portal/geociencias/16312-informacoes-sobre-posicionamento-geodesico/16312-servicos-para-posicionamento-geodesico/16312-progrid.html
126,https://www.ibge.gov.br/geociencias-novoportal/organizacao-do-territorio/novo-portal/geociencias/15827-cartas-e-mapas/15827-mapas-do-brasil/15827-informacoes-ambientais/15827-recursos-naturais/15827-geomorfologia/15827-unidades-de-relevo.html
127,https://www.ibge.gov.br/geociencias-novoportal/organizacao-do-territorio/novo-portal/geociencias/15833-cartas-e-mapas/15833-mapas-do-brasil/15833-informacoes-ambientais/15833-cobertura-e-uso-da-terra/15833-mapeamento-de-cobertura-e-uso-da-terra/15833-uso-da-terra.html
128,https://www.ibge.gov.br/geociencias-novoportal/organizacao-do-territorio/novo-portal/geociencias/10872-cartas-e-mapas/10872-mapas-do-brasil/10872-informacoes-ambientais/10872-recursos-naturais/10872-vegetacao/10872-vegetacao.html
129,https://www.ibge.gov.br/geociencias-novoportal/organizacao-do-territorio/novo-portal/geociencias/15785-informacoes-sobre-organizacao-do-territorio/15785-analises-do-territorio/15785-informacoes.html
130,https://www.ibge.gov.br/geociencias-novoportal/organizacao-do-territorio/novo-portal/geociencias/15843-cartas-e-mapas/15843-mapas-do-brasil/15843-informacoes-ambientais/15843-estudos-ambientais/15843-estudos-integrados/15843-vocabulario-basico-de-recursos-naturais-e-meio-ambiente.html
131,https://www.ibge.gov.br/geociencias-novoportal/organizacao-do-territorio/novo-portal/geociencias/15844-cartas-e-mapas/15844-mapas-do-brasil/15844-informacoes-ambientais/15844-estudos-ambientais/15844-estudos-integrados/15844-zee-amazonia-legal.html
132,https://www.ibge.gov.br/geociencias-novoportal/organizacao-do-territorio/novo-portal/geociencias/15787-informacoes-sobre-organizacao-do-territorio/15787-analises-do-territorio/15787-zoneamento-ecologico-economico-do-delta-do-parnaiba-dimensao-urbano-regional.html
133,https://www.ibge.gov.br/geociencias-novoportal/organizacao-do-territorio/novo-portal/geociencias/15845-cartas-e-mapas/15845-mapas-do-brasil/15845-informacoes-ambientais/15845-estudos-ambientais/15845-estudos-integrados/15845-zoneamentos-geoambientais.html
